{
  "benchmark_type": "retrieval",
  "metadata": {
    "created_at": "2026-04-22",
    "embedding_model": "nomic-ai/nomic-embed-text-v1.5",
    "collection": "blog_posts",
    "description": "Evaluation dataset for RAG retrieval and generation benchmarking. Each question includes 10 context blogs (mix of relevant and irrelevant) to evaluate retrieval quality."
  },
  "config": {
    "embedding_model": "nomic-ai/nomic-embed-text-v1.5",
    "collection": "blog_posts",
    "k_values": [
      1,
      3,
      5,
      10
    ],
    "num_questions": 5
  },
  "metrics_by_k": {
    "1": {
      "recall": 0.1867,
      "precision": 1.0,
      "mrr": 1.0,
      "ndcg": 1.0,
      "hit_rate": 1.0
    },
    "3": {
      "recall": 0.44,
      "precision": 0.8,
      "mrr": 1.0,
      "ndcg": 0.8469,
      "hit_rate": 1.0
    },
    "5": {
      "recall": 0.78,
      "precision": 0.84,
      "mrr": 1.0,
      "ndcg": 0.8631,
      "hit_rate": 1.0
    },
    "10": {
      "recall": 1.0,
      "precision": 0.54,
      "mrr": 1.0,
      "ndcg": 0.9546,
      "hit_rate": 1.0
    }
  },
  "latency": {
    "mean_ms": 24.81,
    "p50_ms": 18.75,
    "p95_ms": 43.83,
    "p99_ms": 48.82,
    "min_ms": 18.12,
    "max_ms": 50.06
  },
  "per_question_results": [
    {
      "question": "What is machine learning?",
      "retrieved_ids": [
        "c0fbdbcd-b538-4010-bc9a-8074b92e77e0",
        "e49455ef-0f83-4348-a7db-3685ef99a7e1",
        "a3685ccf-efa4-4668-bcc8-86a479ccdcc0",
        "95a0f18f-cecb-4b77-a05a-85372d81e9fe",
        "3540d5b3-c30f-473a-88ac-8301b8f7778f",
        "f9b2b51b-3f38-40df-a278-5250e9d13d00",
        "fbbd60b2-4835-427b-9d8f-6c117fb2df32",
        "f6d29741-a060-4f1a-807d-e58013cb8f6c",
        "913a152e-30b6-46f4-9747-48845e7033c2",
        "0c697e69-c830-4923-95a7-45173a6b4b56"
      ],
      "relevant_ids": [
        "c0fbdbcd-b538-4010-bc9a-8074b92e77e0",
        "a3685ccf-efa4-4668-bcc8-86a479ccdcc0",
        "f9b2b51b-3f38-40df-a278-5250e9d13d00",
        "95a0f18f-cecb-4b77-a05a-85372d81e9fe",
        "3540d5b3-c30f-473a-88ac-8301b8f7778f"
      ],
      "scores": [
        0.83868945,
        0.7003564,
        0.65894306,
        0.6322653,
        0.61028254,
        0.5847639,
        0.5224498,
        0.48703656,
        0.48172405,
        0.47541913
      ],
      "latency_ms": 50.061759997333866
    },
    {
      "question": "How does blockchain technology work?",
      "retrieved_ids": [
        "0c697e69-c830-4923-95a7-45173a6b4b56",
        "8df259a3-2a83-43da-84cf-01da7cce2699",
        "5cb7c4d7-fe8d-4fca-a404-ef9dcfc59138",
        "4ae0930e-6550-4a63-b5f8-ef93e4cdf8f6",
        "08bcf36f-c3a7-4388-afe2-3b2400dc75f7",
        "23e3cc51-5b88-4968-a1b9-3c4df4866903",
        "913a152e-30b6-46f4-9747-48845e7033c2",
        "c0fbdbcd-b538-4010-bc9a-8074b92e77e0",
        "a3685ccf-efa4-4668-bcc8-86a479ccdcc0",
        "e49455ef-0f83-4348-a7db-3685ef99a7e1"
      ],
      "relevant_ids": [
        "0c697e69-c830-4923-95a7-45173a6b4b56",
        "8df259a3-2a83-43da-84cf-01da7cce2699",
        "08bcf36f-c3a7-4388-afe2-3b2400dc75f7",
        "23e3cc51-5b88-4968-a1b9-3c4df4866903",
        "4ae0930e-6550-4a63-b5f8-ef93e4cdf8f6"
      ],
      "scores": [
        0.74636245,
        0.658809,
        0.6475046,
        0.62470156,
        0.6183749,
        0.6125088,
        0.5980445,
        0.5420461,
        0.5323578,
        0.531656
      ],
      "latency_ms": 18.753673997707665
    },
    {
      "question": "What are the best practices for writing clean code?",
      "retrieved_ids": [
        "0a2d9448-9946-4319-9c3e-71537c9cc0d7",
        "be529699-1f4a-4044-8b76-cbd1162206d6",
        "40331447-eee0-4a06-b57e-bf2a8fa249f8",
        "5cfd3149-4a53-4962-af47-f98cd6ef00d9",
        "05d3d6e8-a403-4de3-880a-5f6a977687b7",
        "701c45a3-5e56-4b2e-8c2d-afd1dcf11871",
        "3540d5b3-c30f-473a-88ac-8301b8f7778f",
        "08bcf36f-c3a7-4388-afe2-3b2400dc75f7",
        "29b88e94-d2d7-4ff3-8eba-02690cc64978",
        "0772b3a3-1d6d-4b8b-8306-134653195d64"
      ],
      "relevant_ids": [
        "0a2d9448-9946-4319-9c3e-71537c9cc0d7",
        "05d3d6e8-a403-4de3-880a-5f6a977687b7",
        "5cfd3149-4a53-4962-af47-f98cd6ef00d9",
        "be529699-1f4a-4044-8b76-cbd1162206d6",
        "40331447-eee0-4a06-b57e-bf2a8fa249f8",
        "701c45a3-5e56-4b2e-8c2d-afd1dcf11871"
      ],
      "scores": [
        0.8372957,
        0.62713313,
        0.6228763,
        0.6196779,
        0.60851014,
        0.58553565,
        0.5377691,
        0.5330516,
        0.5236329,
        0.522374
      ],
      "latency_ms": 18.208682999102166
    },
    {
      "question": "What are the health benefits of meditation?",
      "retrieved_ids": [
        "934dae98-3e02-4594-a553-10cbe37031f9",
        "dc65271b-e1f3-4732-9b30-2d15a2ba6a16",
        "66ecef8e-a6be-481d-8517-e8382ef99720",
        "f6d29741-a060-4f1a-807d-e58013cb8f6c",
        "77f38a51-6c2e-4c96-be56-f6edbb651efb",
        "309acd00-13aa-4192-b473-faf33990439a",
        "51230813-9258-448e-89f5-fb7d525e1b65",
        "a669df00-876c-4c07-91b6-dfb97158002e",
        "74579e78-ac81-47c3-ba78-05069a4b294b",
        "83b1dea0-02ca-41ac-8c95-24a4dc67f43c"
      ],
      "relevant_ids": [
        "f6d29741-a060-4f1a-807d-e58013cb8f6c",
        "dc65271b-e1f3-4732-9b30-2d15a2ba6a16",
        "934dae98-3e02-4594-a553-10cbe37031f9",
        "77f38a51-6c2e-4c96-be56-f6edbb651efb",
        "51230813-9258-448e-89f5-fb7d525e1b65"
      ],
      "scores": [
        0.7857286,
        0.77178437,
        0.7581451,
        0.73484504,
        0.724901,
        0.6285777,
        0.6137196,
        0.5634278,
        0.54259217,
        0.52001786
      ],
      "latency_ms": 18.11500600160798
    },
    {
      "question": "How to plan a budget-friendly international trip?",
      "retrieved_ids": [
        "b61907ad-79b4-4b51-a7ca-b9f194863e5c",
        "3d266219-3ba6-4466-9b86-149ea5d05ced",
        "6cd45bae-cf78-4f3c-bc99-6228398246d9",
        "b70dfbfc-701f-4c33-88ac-c87b3fedf941",
        "f27e97cd-0072-4a34-8611-a13e3a5a896f",
        "00ce0978-9e89-4a77-ab2b-0cafa1680e53",
        "8f9380f4-079c-440f-b80a-59834efecf67",
        "cb2b13de-8653-4cf4-8805-1bb0722a43e1",
        "6f216256-353b-44b2-be7c-0715ed43d4c8",
        "fafe1390-0bbf-4489-b714-3d2d5a9cf206"
      ],
      "relevant_ids": [
        "b61907ad-79b4-4b51-a7ca-b9f194863e5c",
        "3d266219-3ba6-4466-9b86-149ea5d05ced",
        "8f9380f4-079c-440f-b80a-59834efecf67",
        "b70dfbfc-701f-4c33-88ac-c87b3fedf941",
        "6cd45bae-cf78-4f3c-bc99-6228398246d9",
        "cb2b13de-8653-4cf4-8805-1bb0722a43e1"
      ],
      "scores": [
        0.835374,
        0.6813792,
        0.66549194,
        0.6509643,
        0.6436076,
        0.6249053,
        0.61913043,
        0.60345304,
        0.5237293,
        0.51489455
      ],
      "latency_ms": 18.910295995738124
    }
  ]
}